order_id,order_purchase_timestamp,order_approved_at,order_delivered_customer_date,order_estimated_delivery_date,shipping_limit_date,days_atraso,shipping_limit_days,approval_time_hours
1b3190b2dfa9d789e1f14c05b647a14a,2018-02-23 14:57:35,2018-02-23 15:16:14,2018-09-19 23:24:07,2018-03-15,2018-03-01 15:16:14,188.0,6.012951388888889,0.31083333333333335
ca07593549f1816d26a572e06dc1eab6,2017-02-21 23:31:27,2017-02-23 02:35:15,2017-09-19 14:36:39,2017-03-22,2017-02-25 23:31:27,181.0,4.0,27.063333333333333
47b40429ed8cce3aee9199792275433f,2018-01-03 09:44:01,2018-01-03 10:31:15,2018-07-13 20:51:31,2018-01-19,2018-01-09 10:31:15,175.0,6.032800925925926,0.7872222222222223
2fe324febf907e3ea3f2aa9650869fa5,2017-03-13 20:17:10,2017-03-13 20:17:10,2017-09-19 17:00:07,2017-04-05,2017-03-17 20:17:10,167.0,4.0,0.0
285ab9426d6982034523a855f55a885e,2017-03-08 22:47:40,2017-03-08 22:47:40,2017-09-19 14:00:04,2017-04-06,2017-03-16 22:47:40,166.0,8.0,0.0
440d0d17af552815d15a9e41abe49359,2017-03-07 23:59:51,2017-03-09 01:11:33,2017-09-19 15:12:50,2017-04-07,2017-03-15 01:11:33,165.0,7.049791666666667,25.195
c27815f7e3dd0b926b58552628481575,2017-03-15 23:23:17,2017-03-15 23:23:17,2017-09-19 17:14:25,2017-04-10,2017-03-26 23:23:17,162.0,11.0,0.0
0f4519c5f1c541ddec9f21b3bddd533a,2017-03-09 13:26:57,2017-03-09 13:26:57,2017-09-19 14:38:21,2017-04-11,2017-03-15 13:26:57,161.0,6.0,0.0
d24e8541128cea179a11a65176e0a96f,2017-06-12 13:14:11,2017-06-12 13:25:11,2017-12-04 18:36:29,2017-06-26,2017-06-16 13:25:11,161.0,4.007638888888889,0.18333333333333332
2d7561026d542c8dbd8f0daeadf67a43,2017-03-15 11:24:27,2017-03-15 11:24:27,2017-09-19 14:38:18,2017-04-13,2017-03-21 11:24:27,159.0,6.0,0.0
2fb597c2f772eca01b1f5c561bf6cc7b,2017-03-08 18:09:02,2017-03-08 18:09:02,2017-09-19 14:33:17,2017-04-17,2017-03-20 18:09:02,155.0,12.0,0.0
6e82dcfb5eada6283dba34f164e636f5,2017-05-17 19:09:02,2017-05-18 19:22:29,2017-11-16 10:56:45,2017-06-14,2017-05-25 19:22:29,155.0,8.009340277777778,24.224166666666665
dfe5f68118c2576143240b8d78e5940a,2017-03-17 12:32:22,2017-03-17 12:32:22,2017-09-19 18:13:19,2017-04-19,2017-03-30 12:32:22,153.0,13.0,0.0
ed8e9faf1b75f43ee027103957135663,2017-11-29 15:10:14,2017-12-01 11:31:53,2018-05-21 18:22:18,2017-12-19,2017-12-07 04:39:05,153.0,7.561701388888889,44.36083333333333
2ba1366baecad3c3536f27546d129017,2017-02-28 14:56:37,2017-03-02 03:55:33,2017-08-28 16:23:46,2017-03-29,2017-03-09 03:55:33,152.0,8.540925925925926,36.98222222222222
437222e3fd1b07396f1d9ba8c15fba59,2017-03-16 11:36:00,2017-03-16 11:36:00,2017-09-19 16:28:58,2017-04-28,2017-03-27 11:36:00,144.0,11.0,0.0
6e6527028de694ccade37f5a15a6d84a,2017-11-25 23:51:54,2017-11-25 23:59:27,2018-05-10 00:06:20,2017-12-18,2017-11-29 23:59:27,143.0,4.005243055555556,0.12583333333333332
a452fba32eab28a4a62af18eed010c0b,2017-04-04 23:21:02,2017-04-04 23:30:19,2017-09-19 13:47:09,2017-05-04,2017-04-10 23:30:19,138.0,6.006446759259259,0.15472222222222223
3566eabb132f8d64741ae7b921bbd10e,2017-03-29 13:57:55,2017-03-30 02:10:20,2017-09-19 15:07:09,2017-05-05,2017-04-06 02:10:20,137.0,7.508622685185185,12.206944444444444
4fbc8d6f2f4db3e789d5a876fa349b56,2018-02-02 21:38:36,2018-02-03 20:10:18,2018-07-20 23:37:50,2018-03-08,2018-02-08 20:10:18,134.0,5.938680555555556,22.528333333333332
525e11b26fdb7f41471d289897d0f6da,2017-04-04 16:19:10,2017-04-04 16:30:20,2017-09-19 14:58:10,2017-05-08,2017-04-10 16:30:20,134.0,6.00775462962963,0.18611111111111112
df6d8b7768a047c2981bae0a24afbb01,2017-04-04 10:46:22,2017-04-04 10:55:24,2017-09-19 15:08:19,2017-05-10,2017-04-10 10:55:24,132.0,6.006273148148148,0.15055555555555555
2fa29503f2ebd9f53deba187160f3202,2017-03-31 15:03:51,2017-03-31 15:15:23,2017-09-19 18:24:46,2017-05-10,2017-04-06 15:15:23,132.0,6.008009259259259,0.1922222222222222
cce224811ba8fea016c049693c3e0402,2018-02-28 12:30:39,2018-02-28 12:48:38,2018-07-26 16:41:56,2018-03-22,2018-03-06 12:48:38,126.0,6.012488425925926,0.2997222222222222
031e7d4e559a1bf08e71a419aa998d0a,2017-04-06 12:59:46,2017-04-06 13:10:41,2017-09-19 16:23:52,2017-05-19,2017-04-12 13:10:41,123.0,6.007581018518518,0.18194444444444444
0b32bf55276b5feb681f6ed6fd670692,2017-06-03 17:53:31,2017-06-03 18:05:12,2017-10-26 20:47:58,2017-06-27,2017-06-09 18:05:12,121.0,6.008113425925926,0.1947222222222222
3c98e4bedff26f850c4f9989b16c8ee7,2017-04-26 10:41:39,2017-04-27 08:22:31,2017-09-19 18:12:28,2017-05-23,2017-05-04 08:22:31,119.0,7.9033796296296295,21.68111111111111
4f39a94d6e474819d898d6df7d394996,2017-04-28 16:28:03,2017-04-29 02:42:51,2017-09-19 13:54:18,2017-05-30,2017-05-05 02:42:51,112.0,6.426944444444445,10.246666666666666
815b68de0bc7fa6c117e4bcf855734ef,2017-04-30 17:28:58,2017-05-02 14:42:55,2017-09-19 16:49:30,2017-05-31,2017-05-08 14:42:55,111.0,7.8846875,45.2325
17cc6728043d53cc948551dfbf0a338b,2017-11-25 12:14:38,2017-11-25 12:33:04,2018-04-16 23:26:51,2017-12-27,2017-12-06 12:31:09,110.0,11.011469907407408,0.30722222222222223
c5f43352377291361dad9a7366ae1c89,2017-11-22 14:15:15,2017-11-22 21:48:22,2018-04-06 21:52:36,2017-12-18,2017-11-28 21:48:22,109.0,6.314664351851852,7.551944444444445
b31c7dea63bb08f8cdd1ec32514ccf0b,2017-09-26 18:35:35,2017-09-26 18:49:09,2018-02-05 21:25:43,2017-10-19,2017-10-02 18:49:09,109.0,6.0094212962962965,0.22611111111111112
450cb96c63e1e5b49d34f223f67976d2,2018-05-21 06:48:46,2018-05-21 06:57:03,2018-10-11 16:41:14,2018-06-27,2018-06-06 06:57:03,106.0,16.005752314814814,0.13805555555555554
103188b1afa4614c023b86344f79727b,2017-11-27 13:53:44,2017-11-27 14:18:39,2018-03-26 13:09:54,2017-12-11,2017-12-01 14:18:39,105.0,4.01730324074074,0.4152777777777778
c2a550cc5f966506b717532441c221e5,2018-01-12 15:38:34,2018-01-13 15:33:31,2018-05-23 20:56:25,2018-02-08,2018-01-18 15:33:31,104.0,5.996493055555556,23.91583333333333
e7fc47a9bd5fd8c1d1b566d1553be0f4,2017-05-25 09:59:33,2017-05-25 10:10:14,2017-09-19 13:38:16,2017-06-07,2017-05-31 10:10:14,104.0,6.007418981481481,0.17805555555555555
28f12a3e5117f5e70bbdb45be9188639,2017-05-03 19:34:48,2017-05-03 19:45:10,2017-09-19 16:38:49,2017-06-07,2017-05-09 19:45:10,104.0,6.007199074074074,0.17277777777777778
a6a6c002fd9f0e9eb0c0148448cf8863,2018-02-03 15:48:24,2018-02-03 16:10:36,2018-06-13 15:57:49,2018-03-01,2018-02-08 16:10:36,104.0,5.015416666666667,0.37
0b7b12a402b064d880d3cb31051f6d29,2017-12-02 14:49:30,2017-12-02 15:01:09,2018-04-19 21:18:52,2018-01-05,2017-12-07 15:01:09,104.0,5.008090277777778,0.19416666666666665
da81fbc27b55e0f3d2813cf2078dc780,2017-11-14 21:07:55,2017-11-14 21:26:34,2018-03-21 00:18:54,2017-12-11,2017-11-23 21:26:34,100.0,9.012951388888888,0.31083333333333335
5fc65d39393a0107a062195fdc96ad34,2017-08-25 19:11:04,2017-08-25 19:26:20,2017-12-18 23:19:20,2017-09-12,2017-09-04 19:26:20,97.0,10.010601851851852,0.2544444444444444
7e708aed151d6a8601ce8f2eaa712bf4,2018-06-02 18:37:14,2018-06-02 18:51:31,2018-10-17 13:22:46,2018-07-13,2018-06-11 18:51:31,96.0,9.009918981481482,0.23805555555555555
d8dbb44d7c5b1fd8e7f41b49e27053d7,2018-05-07 20:03:32,2018-05-07 20:15:15,2018-08-20 17:14:55,2018-05-16,2018-05-10 20:15:15,96.0,3.008136574074074,0.19527777777777777
b7624f6b70f7b79ea2b092b6f1be678c,2017-02-03 22:21:47,2017-02-03 22:30:19,2017-06-14 14:42:22,2017-03-10,2017-02-07 22:21:47,96.0,4.0,0.14222222222222222
773f048245dc975a5f7c67c2415c88a0,2018-01-24 16:45:34,2018-01-25 16:37:31,2018-05-30 16:56:49,2018-02-23,2018-01-31 16:37:31,96.0,6.994409722222223,23.865833333333335
29c3b79aace1b72a82b1232bf494e16f,2017-12-16 10:04:35,2017-12-16 10:15:25,2018-04-28 15:51:50,2018-01-24,2017-12-27 10:15:25,94.0,11.007523148148149,0.18055555555555555
8b7fd198ad184563c231653673e75a7f,2017-11-14 10:04:27,2017-11-17 08:47:00,2018-02-27 18:05:08,2017-11-28,2017-11-23 08:47:00,91.0,8.946215277777778,70.70916666666666
e7b87b156cde9f1d3a765da80d093d6a,2017-10-22 18:24:56,2017-10-22 18:37:54,2018-02-09 14:19:09,2017-11-13,2017-10-26 18:37:54,88.0,4.009004629629629,0.21611111111111111
6e3a1f3ec46461756c3f620e267aa1b8,2017-11-21 11:50:23,2017-11-21 12:31:31,2018-03-07 20:09:25,2017-12-12,2017-11-27 12:30:45,85.0,6.028032407407407,0.6855555555555556
357f2ad2d9ea3e63b225cfee8ad3b2a1,2018-01-09 22:02:44,2018-01-10 10:32:05,2018-04-19 13:52:37,2018-01-26,2018-01-16 10:32:05,83.0,6.520381944444445,12.489166666666666
79366f316d691e60b576d0a9b45b4ba6,2017-06-15 08:11:47,2017-06-17 03:43:36,2017-09-19 14:57:53,2017-06-29,2017-06-22 03:33:39,82.0,6.806851851851852,43.530277777777776
160d1364f477494647a995f6bbec0b5f,2018-04-10 08:23:28,2018-04-10 12:35:18,2018-07-27 15:16:57,2018-05-07,2018-04-16 12:35:18,81.0,6.174884259259259,4.197222222222222
094a83226235244840060fafa394845d,2017-12-18 20:15:41,2017-12-20 16:10:46,2018-04-03 18:47:29,2018-01-12,2017-12-27 16:10:46,81.0,8.829918981481482,43.918055555555554
97f48024fcc76f1898e397ad6966e3a0,2017-11-29 12:25:00,2017-11-29 12:41:24,2018-03-16 13:58:10,2017-12-26,2017-12-15 12:41:24,80.0,16.011388888888888,0.2733333333333333
3b919fbc512d96f81330d2aae3ed0cf6,2018-04-15 13:33:43,2018-04-17 05:51:05,2018-08-01 22:15:02,2018-05-14,2018-04-23 05:51:05,79.0,7.678726851851851,40.28944444444444
4a580bca631a940ffc9e25c96da01773,2017-08-01 19:24:31,2017-08-01 20:10:17,2017-11-09 18:08:54,2017-08-23,2017-08-07 20:10:17,78.0,6.031782407407407,0.7627777777777778
e52c9dfec957c503bed5d050a39c740f,2017-12-09 18:49:23,2017-12-09 18:56:28,2018-03-27 01:57:14,2018-01-08,2017-12-14 18:56:28,78.0,5.004918981481482,0.11805555555555555
f83bab059faa2a4560be63dad351763a,2018-01-08 21:18:11,2018-01-08 21:31:25,2018-04-19 14:32:49,2018-02-01,2018-01-12 21:31:25,77.0,4.009189814814815,0.22055555555555556
b02f16483f20ca4c7d1d5b147eca4c79,2017-03-24 11:32:35,2017-03-24 11:45:16,2017-07-03 14:32:56,2017-04-17,2017-03-30 11:45:16,77.0,6.0088078703703705,0.21138888888888888
e2af4ae300d48b96b78846e01a26c034,2018-03-06 23:27:33,2018-03-08 02:30:50,2018-06-18 17:38:55,2018-04-03,2018-03-14 02:30:50,76.0,7.127280092592593,27.05472222222222
2f71a7d28c0418b03cd08aed6b0a4400,2018-04-16 07:17:23,2018-04-16 08:00:38,2018-07-11 15:06:43,2018-04-27,2018-04-23 07:30:45,75.0,7.009282407407407,0.7208333333333333
4dc5a389009b6cb5c61706d49f229a39,2018-02-23 00:07:39,2018-02-23 00:15:51,2018-05-28 21:47:43,2018-03-15,2018-03-01 00:15:51,74.0,6.005694444444444,0.13666666666666666
00d1289d5125017a90e528b5a7cee91f,2018-03-15 11:11:52,2018-03-15 11:29:14,2018-06-19 18:42:26,2018-04-06,2018-03-21 11:29:14,74.0,6.012060185185185,0.28944444444444445
d1f789756b59a9fb40b3becadeac90e4,2017-11-17 13:02:11,2017-11-18 07:15:24,2018-02-23 00:16:50,2017-12-12,2017-11-23 07:15:24,73.0,5.759178240740741,18.220277777777778
a4efaffc506a395c9cea7402b078c1e5,2018-01-17 10:50:09,2018-01-17 10:58:33,2018-05-07 19:25:33,2018-02-23,2018-01-23 10:58:33,73.0,6.005833333333333,0.14
489191dca3848c2c6ddbf667d4935fc3,2018-01-15 15:18:27,2018-01-15 15:31:43,2018-04-19 20:16:48,2018-02-06,2018-01-19 15:30:49,72.0,4.008587962962963,0.22111111111111112
77f1ce3b8d86fff49b9c811f00f4dc13,2018-02-22 12:33:43,2018-02-22 12:48:40,2018-05-30 23:50:44,2018-03-21,2018-02-28 12:48:40,70.0,6.010381944444444,0.24916666666666668
2e56f943f231f5fe108f43fb370b0ed6,2017-02-09 12:12:22,2017-02-09 12:32:26,2017-05-25 07:14:44,2017-03-16,2017-02-17 12:12:22,70.0,8.0,0.33444444444444443
a622cb9542d08e3004c1a9a33a7cd859,2017-06-13 11:46:11,2017-06-14 02:35:37,2017-09-19 16:02:30,2017-07-12,2017-06-20 02:35:37,69.0,6.617662037037037,14.823888888888888
201ebbf7634b25abd400f84d519cf297,2017-06-11 21:27:02,2017-06-11 21:35:21,2017-09-19 14:02:52,2017-07-13,2017-06-19 21:35:21,68.0,8.005775462962964,0.1386111111111111
891331814ee1cbcb8f77a53b2b136099,2018-02-26 21:47:30,2018-02-28 10:11:13,2018-05-23 22:04:43,2018-03-16,2018-03-06 09:31:11,68.0,7.4886689814814815,36.39527777777778
38bfa8770aab7482945c44803221107e,2018-01-18 16:25:16,2018-01-18 16:42:22,2018-04-16 12:40:54,2018-02-08,2018-01-24 16:42:22,67.0,6.011875,0.285
739e19153280cbc1a87c1a84be1ec4f6,2018-02-15 15:45:17,2018-02-15 15:55:51,2018-05-07 17:22:47,2018-03-02,2018-02-22 14:55:51,66.0,6.965671296296296,0.1761111111111111
c679466a1ba6a8bdedcb2396f9e1dcbd,2018-02-25 20:41:55,2018-02-25 20:50:24,2018-05-21 12:18:22,2018-03-16,2018-03-01 20:50:24,66.0,4.005891203703704,0.1413888888888889
d3aa5667ad65af7fa58a5481d0aff07a,2017-01-29 13:42:10,2017-01-29 14:31:11,2017-05-12 13:43:02,2017-03-08,2017-02-02 13:42:10,65.0,4.0,0.8169444444444445
633f4fc75774571fccaef584dfce5a7b,2017-09-12 16:01:18,2017-09-12 16:15:15,2017-12-23 20:07:03,2017-10-19,2017-09-18 16:15:15,65.0,6.0096875,0.2325
af95d7a4f9643401325ec89b4f7f8afe,2017-05-31 06:32:49,2017-06-02 04:32:37,2017-08-17 17:47:41,2017-06-13,2017-06-08 04:30:21,65.0,7.914953703703704,45.99666666666667
607a624a0fb32899edc4e3f9c9b24189,2017-05-02 11:14:08,2017-05-03 11:40:13,2017-09-04 11:10:58,2017-07-03,2017-06-06 11:33:06,63.0,35.0131712962963,24.434722222222224
f390346ecbf61a6b81b92017a7410df1,2017-11-06 18:41:25,2017-11-07 03:31:22,2018-01-26 12:51:50,2017-11-24,2017-11-10 18:55:46,63.0,4.009965277777778,8.8325
f7923db0430587601c2aef15ec4b8af4,2018-01-20 17:38:58,2018-02-20 12:05:54,2018-03-08 15:04:33,2018-02-21,2018-02-26 12:05:54,15.0,36.76870370370371,738.4488888888889
e84484718ecfbc4f6c98105b691b2bd8,2018-02-09 07:25:50,2018-02-16 07:50:26,2018-03-20 09:48:34,2018-03-06,2018-02-22 06:50:26,14.0,12.975416666666666,168.41
e88f99d9e433a6a8968b38b7dd55b080,2018-01-19 11:05:41,2018-01-26 17:03:53,2018-02-19 22:07:11,2018-02-09,2018-02-01 17:03:53,10.0,13.24875,173.97
daed0f3aefd193de33c31e21b16a3b3a,2018-03-12 15:21:32,2018-03-29 11:35:16,2018-04-10 16:48:54,2018-04-03,2018-04-04 11:35:16,7.0,22.84287037037037,404.2288888888889
0a93b40850d3f4becf2f276666e01340,2018-01-20 14:24:50,2018-02-20 11:51:27,2018-03-02 22:37:49,2018-02-23,2018-02-26 11:51:27,7.0,36.893483796296294,741.4436111111111
e7d3f9457c859cd5b63a25a4c2afb2e0,2018-01-18 23:26:10,2018-01-26 17:03:27,2018-02-14 19:53:18,2018-02-09,2018-02-01 17:03:27,5.0,13.734224537037036,185.6213888888889
77ca435b03fbf991e5027e3776e37885,2017-09-01 18:49:54,2017-09-13 21:56:08,2017-09-30 17:33:43,2017-09-26,2017-09-10 22:32:29,4.0,9.154571759259259,291.1038888888889
de0076b42a023f53b398ce9ab0d9009c,2017-12-04 11:15:54,2017-12-27 14:03:00,2018-01-09 19:26:55,2018-01-05,2018-01-03 14:03:00,4.0,30.116041666666668,554.785
b9555bd71c90a01a953792e5f2af95c5,2017-03-30 19:48:12,2017-04-07 10:35:25,2017-04-27 11:39:35,2017-04-24,2017-04-13 10:35:25,3.0,13.616122685185186,182.78694444444446
96872d026aa122a9e93957de1e58d427,2018-01-18 11:33:56,2018-01-26 17:03:26,2018-02-05 18:12:46,2018-02-02,2018-02-01 17:03:26,3.0,14.228819444444444,197.49166666666667
ed4116f3f55e67e9a26b9f1891ba2497,2018-08-09 13:21:48,2018-08-20 15:55:42,2018-08-31 00:14:30,2018-08-29,2018-08-17 16:30:58,2.0,8.13136574074074,266.565
9eac94dce77597b831e8c0dfc584bc8b,2018-01-18 23:16:44,2018-01-29 16:53:28,2018-02-17 15:57:01,2018-02-15,2018-02-02 16:53:28,2.0,14.733842592592593,257.6122222222222
24016340d5156f96d37500c78a7fe591,2017-08-17 15:44:39,2017-08-25 09:30:19,2017-08-31 20:36:03,2017-08-30,2017-08-31 09:30:19,1.0,13.740046296296295,185.76111111111112
4387477eec4b3c89b39f3f454940d059,2018-08-09 20:45:10,2018-08-20 15:56:29,2018-08-15 14:56:43,2018-08-14,2018-08-15 16:30:53,1.0,5.823414351851852,259.18861111111113
fca9e6e37a25eabc4dead1228fca9d27,2018-02-08 11:54:16,2018-02-16 16:35:41,2018-02-23 00:25:11,2018-03-12,2018-02-22 15:35:41,0.0,14.153761574074075,196.69027777777777
cf72398d0690f841271b695bbfda82d2,2017-09-01 18:45:33,2017-09-13 22:04:39,2017-09-11 14:15:02,2017-09-21,2017-09-07 22:34:28,0.0,6.158969907407408,291.3183333333333
07bd0c7e13ac7c3a408dd3bc8f18fc78,2018-01-30 15:18:07,2018-02-06 17:15:32,2018-02-14 23:06:46,2018-02-22,2018-02-12 17:15:32,0.0,13.081539351851852,169.95694444444445
6e57e23ecac1ae881286657694444267,2018-08-09 17:36:47,2018-08-20 15:55:42,2018-08-17 16:45:45,2018-09-06,2018-08-15 16:30:58,0.0,5.954293981481482,262.3152777777778
1fab4ac9d85079b3da72a11475ae1685,2017-09-01 19:04:22,2017-09-13 22:06:11,2017-09-08 20:13:03,2017-09-20,2017-09-07 22:31:41,0.0,6.143969907407407,291.03027777777777
5fa78e91b5cb84b6a8ccc42733f95742,2017-11-30 01:51:23,2017-12-08 16:33:14,2017-12-13 20:52:32,2017-12-18,2017-12-14 16:33:14,0.0,14.612395833333334,206.6975
c72727d29cde4cf870d569bf65edabfd,2017-02-07 18:01:15,2017-02-09 02:50:07,2017-02-14 14:27:45,2017-07-04,2017-05-12 17:01:15,0.0,93.95833333333333,32.81444444444445
0c1426109d8295a688ee4182016bba59,2017-11-24 21:24:29,2017-12-07 09:50:08,2017-12-14 19:48:30,2017-12-21,2017-12-13 09:50:08,0.0,18.5178125,300.4275
241adc087f5732067fc042dceb9cc6da,2018-02-07 11:48:20,2018-02-19 09:06:52,2018-03-06 01:05:18,2018-03-13,2018-03-09 09:06:52,0.0,29.887870370370372,285.3088888888889
5dae8914499e60f98b65ea4094c69880,2017-02-28 17:52:26,2017-03-09 10:04:24,2017-03-20 06:51:41,2017-03-24,2017-03-21 10:04:24,0.0,20.674976851851852,208.19944444444445
06eb87385425e5797a1a5c2cdb1b6559,2017-09-01 18:53:08,2017-09-13 22:10:37,2017-09-15 18:53:50,2017-09-26,2017-09-07 22:31:16,0.0,6.151481481481482,291.2913888888889
bc4854efd86d9f42140c951c595d20c1,2017-09-01 20:05:42,2017-09-13 22:00:51,2017-09-06 22:15:45,2017-09-20,2017-09-07 22:31:40,0.0,6.101365740740741,289.9191666666667
5000db43709b8a1e13f508043ff281c9,2018-04-17 17:08:56,2018-04-24 18:58:37,2018-04-30 22:34:30,2018-05-11,2018-04-26 15:30:53,0.0,8.931909722222223,169.82805555555555
708d8f65b7d44e636e299978fa1f11a4,2017-12-20 15:14:17,2017-12-27 17:37:20,2018-01-08 18:04:45,2018-01-18,2018-01-03 17:37:20,0.0,14.099340277777777,170.38416666666666
c3b8c17ee15e0e798c2e178b7d4c7f42,2017-09-01 20:04:47,2017-09-13 22:08:55,2017-09-11 16:43:46,2017-09-20,2017-09-07 22:31:45,0.0,6.102060185185185,290.06888888888886
6b80bb20190715d71c43efff617bd659,2017-02-19 01:15:03,2017-03-01 10:51:46,2017-02-24 14:27:26,2017-03-17,2017-02-23 01:15:03,0.0,4.0,249.61194444444445
0184d4ddb259e1a4cfc2871888cf97b8,2017-09-01 20:04:28,2017-09-13 22:17:15,2017-09-09 15:12:44,2017-09-20,2017-09-07 22:31:42,0.0,6.102245370370371,290.21305555555557
b9a422aebaeb3396ee0b761b10c0cc08,2017-11-26 14:43:00,2017-12-06 11:14:49,2017-12-18 09:46:40,2017-12-27,2017-12-12 11:14:49,0.0,15.855428240740741,236.53027777777777
e73fe43cdcd166f7f0c6e3c2bf11a917,2018-08-09 18:06:43,2018-08-20 15:57:28,2018-08-15 15:46:38,2018-08-16,2018-08-15 16:31:14,0.0,5.933692129629629,261.84583333333336
511a2c82e1860031d509e3d925c4b873,2017-04-06 19:52:25,2017-04-17 08:50:17,2017-05-10 14:46:53,2017-05-12,2017-04-24 08:50:17,0.0,17.540185185185184,252.96444444444444
5958fb8c6e854b986800307f995fd209,2017-09-01 20:04:49,2017-09-12 12:35:16,2017-09-19 20:27:58,2017-09-22,2017-09-18 12:35:16,0.0,16.6878125,256.5075
ebc94658c583ab37ad4f8e9091c4bef2,2018-04-14 08:22:43,2018-04-24 18:04:50,2018-04-30 20:39:01,2018-05-03,2018-04-30 18:04:31,0.0,16.404027777777777,249.70194444444445
f5194ba2a4560ffa0e87746852c61fc1,2017-11-24 22:53:26,2017-12-07 09:50:07,2017-12-13 22:06:13,2017-12-14,2017-12-13 09:50:07,0.0,18.45603009259259,298.9447222222222
14ef2221cc3570aa6ce512fc353529b3,2018-02-09 09:27:56,2018-02-22 11:15:51,2018-03-03 16:49:00,2018-03-07,2018-03-02 11:15:51,0.0,21.07494212962963,313.7986111111111
02951078a21a2d9341ea16089a4d5031,2017-03-16 15:16:53,2017-03-23 16:10:18,2017-04-05 17:04:39,2017-04-19,2017-03-31 16:10:18,0.0,15.037094907407408,168.89027777777778
8554cb37f7158cb0b082a841d24a4589,2017-09-01 18:40:44,2017-09-13 21:58:04,2017-09-08 20:07:45,2017-10-02,2017-09-07 22:32:18,0.0,6.160810185185185,291.2888888888889
23c7702588b2b08f1bf4fbdd15f19343,2017-03-22 17:52:17,2017-03-30 19:10:20,2017-04-11 13:06:32,2017-04-12,2017-04-05 19:10:20,0.0,14.054201388888888,193.30083333333334
6dcf0aeb8b1eb4021c26e1d0e9394979,2018-08-09 20:37:34,2018-08-20 15:59:18,2018-08-15 19:06:29,2018-08-15,2018-08-15 16:31:14,0.0,5.828935185185185,259.3622222222222
1e65b448bd96abe8434d64bc0ae4d609,2017-08-21 17:06:20,2017-08-28 18:45:12,2017-09-15 19:07:56,2017-09-25,2017-09-01 18:45:12,0.0,11.068657407407407,169.64777777777778
440b5d8129165b7e04b3c37e3a5e93d7,2017-05-21 08:01:31,2017-05-22 10:41:28,2017-06-13 06:51:53,2017-08-23,2017-08-03 09:31:38,0.0,74.06258101851851,26.66583333333333
d1e799b4645be8aef2337253468a31f7,2017-09-13 08:19:01,2017-09-22 17:10:33,2017-10-05 14:43:13,2017-10-06,2017-09-28 17:10:33,0.0,15.36912037037037,224.85888888888888
e885d4ac4244bd62acf41453b5684377,2018-01-18 13:22:26,2018-01-26 17:03:34,2018-02-08 22:28:47,2018-02-14,2018-02-01 17:03:34,0.0,14.153564814814814,195.68555555555557
f6aeaaa897aaaf586ac05fb8d821ed9e,2017-11-23 15:43:00,2017-12-04 10:54:28,2017-12-26 19:43:37,2017-12-26,2017-12-08 10:54:28,0.0,14.79962962962963,259.1911111111111
a9880f780c93ecdc4a6c6cfbeec27925,2018-04-06 09:36:48,2018-04-13 17:15:23,2018-04-17 23:19:06,2018-04-24,2018-04-19 17:15:23,0.0,13.318460648148148,175.64305555555555
9c038e10f14d12a96939a0176c4ecc99,2017-05-26 15:30:49,2017-06-08 23:02:47,2017-06-17 08:46:07,2017-06-30,2017-06-14 23:02:47,0.0,19.31386574074074,319.53277777777777
c064f1af2555ae9dbb9efd65b5381684,2018-01-18 20:47:13,2018-01-26 17:03:42,2018-02-06 23:16:51,2018-02-14,2018-02-01 17:03:42,0.0,13.844780092592593,188.2747222222222
70f357cca87c1162357bf3c0a993cbe5,2017-09-01 18:40:11,2017-09-13 22:04:49,2017-09-12 16:53:41,2017-09-22,2017-09-10 22:34:00,0.0,9.162372685185185,291.41055555555556
40dc2ba6f322a17626aac6244332828c,2017-10-05 21:39:05,2017-10-05 21:49:21,2017-10-13 13:49:07,2018-01-30,2018-01-10 22:49:21,0.0,97.0487962962963,0.1711111111111111
931a32b4ca3fdc36741af29ea645d8bf,2017-12-06 14:44:14,2017-12-15 10:41:08,2017-12-21 21:34:51,2017-12-26,2017-12-22 10:37:48,0.0,15.82886574074074,211.94833333333332
f6f0b2497c5a4ca89670186757ab2684,2017-06-26 12:23:32,2017-07-05 17:09:11,2017-07-03 17:53:29,2017-07-18,2017-06-30 13:32:11,0.0,4.047673611111111,220.76083333333332
580f3268bc2075c5961b2d2929c7a35b,2017-09-01 20:17:09,2017-09-13 22:03:42,2017-09-18 17:52:20,2017-09-25,2017-09-07 22:34:26,0.0,6.095335648148148,289.7758333333333
6e8ff76e6abbdfadc22d6569bf5b1ae8,2017-07-26 10:51:20,2017-08-02 11:25:48,2017-08-11 22:06:21,2017-08-22,2017-08-03 15:34:25,0.0,8.196585648148147,168.57444444444445
26874945bcbf47606ab08580cf923693,2018-02-09 00:56:49,2018-02-16 08:10:29,2018-02-21 16:57:08,2018-03-21,2018-02-22 07:10:29,0.0,13.259490740740741,175.2277777777778
6fa0c125ee7d870f6602c97e33d87bc5,2018-08-09 19:32:42,2018-08-20 15:59:54,2018-08-17 20:51:25,2018-08-23,2018-08-15 16:31:14,0.0,5.873981481481482,260.4533333333333
483b53ea654d3566427a092cdef047fd,2017-08-03 15:59:11,2017-08-16 03:30:15,2017-08-25 17:48:37,2017-08-25,2017-08-22 03:30:15,0.0,18.479907407407406,299.5177777777778
cb560d710377eef2c41351f25c732da1,2018-02-14 13:28:49,2018-02-23 10:15:34,2018-03-06 00:10:12,2018-03-08,2018-03-01 10:15:34,0.0,14.865798611111112,212.77916666666667
c2bb89b5c1dd978d507284be78a04cb2,2017-05-23 22:28:36,2017-05-24 22:35:08,2017-06-09 13:35:54,2017-10-11,2020-04-09 22:35:08,0.0,1052.004537037037,24.108888888888888
9d1780c1dba60f1e3fc99e1072979110,2018-03-17 16:04:08,2018-03-26 09:10:13,2018-03-28 19:21:54,2018-03-29,2018-03-22 16:16:51,0.0,5.008831018518518,209.1013888888889
fd1272ba40a94a5fbc6e9548a8486867,2017-11-01 09:57:54,2017-11-09 15:15:38,2017-11-24 16:43:29,2017-12-01,2017-11-21 15:15:38,0.0,20.220648148148147,197.29555555555555
8194f59689e6129d3bd13dce90d86c2b,2018-01-18 15:29:09,2018-01-26 17:03:36,2018-02-14 21:30:02,2018-02-15,2018-02-01 17:03:36,0.0,14.065590277777778,193.57416666666666
40de47dfa620d667117e4a6067b6e1ec,2017-09-01 20:05:55,2017-09-13 21:58:38,2017-09-08 20:41:16,2017-09-22,2017-09-10 22:33:43,0.0,9.102638888888889,289.8786111111111
3e30da31e3bf405f3a0b771a7d935322,2018-01-18 19:33:23,2018-01-26 17:03:37,2018-02-08 20:32:49,2018-02-22,2018-02-01 17:03:37,0.0,13.89599537037037,189.5038888888889
e454f35044003de39e10f976817edc27,2017-09-25 13:39:49,2017-10-06 15:14:17,2017-10-19 17:45:54,2017-10-23,2017-10-13 15:14:17,0.0,18.065601851851852,265.57444444444445
a7c0c5a345bb63d37fc8aafab1f86a4d,2017-02-18 07:45:01,2017-03-01 10:51:24,2017-03-16 10:09:22,2017-03-23,2017-02-26 06:45:01,0.0,7.958333333333333,267.1063888888889
cb5b5d9d111d57e734d8e22a09ddffaa,2017-07-18 10:53:53,2017-07-26 15:55:21,2017-08-02 20:29:06,2017-08-07,2017-08-01 15:55:21,0.0,14.209351851851851,197.02444444444444
f5942dc9da4bc0e2beac653f4e63a020,2017-04-24 02:24:24,2017-05-05 14:21:56,2017-05-15 06:42:19,2017-05-17,2017-05-17 14:21:56,0.0,23.498287037037038,275.9588888888889
1378f9601350615613cc8832d6789c5d,2017-09-01 20:28:02,2017-09-13 22:03:51,2017-09-13 22:24:46,2017-09-29,2017-09-07 22:32:05,0.0,6.086145833333333,289.59694444444443
8f1e49888948febad9d7dc3ce8ec85c4,2017-08-22 12:42:42,2017-09-01 17:30:13,2017-09-13 21:29:54,2017-09-14,2017-09-08 17:30:13,0.0,17.19966435185185,244.79194444444445
e6cc57f923c4dab2222b8c9aa8742eea,2018-02-07 12:09:45,2018-02-07 12:31:13,2018-03-05 18:56:39,2018-05-11,2018-04-17 11:31:13,0.0,68.97324074074074,0.35777777777777775
